Title,Author,AverageRating,RatingsCount,Score
"The Handmaid’s Tale (The Handmaid's Tale, #1)",Margaret Atwood,4.15,"24,50,864","84,020"
The Bell Jar,Sylvia Plath,4.05,"12,38,927","49,948"
Jane Eyre,Charlotte Brontë,4.16,"23,40,543","45,133"
A Room of One’s Own,Virginia Woolf,4.22,"2,64,643","43,909"
The Second Sex,Simone de Beauvoir,4.18,"47,693","38,713"
Pride and Prejudice,Jane Austen,4.3,"48,46,007","34,775"
The Color Purple,Alice Walker,4.28,"7,56,567","32,778"
The Yellow Wall-Paper,Charlotte Perkins Gilman,4.07,"3,64,295","28,813"
We Should All Be Feminists,Chimamanda Ngozi Adichie,4.39,"3,32,744","23,359"
"I Know Why the Caged Bird Sings (Maya Angelou's Autobiography, #1)",Maya Angelou,4.3,"5,84,874","22,434"
The Feminine Mystique,Betty Friedan,3.88,"31,137","21,492"
The Vagina Monologues,V (formerly Eve Ensler),3.87,"38,502","19,121"
The Awakening,Kate Chopin,3.69,"2,28,603","18,794"
The Beauty Myth,Naomi Wolf,3.91,"31,171","16,685"
"Beloved (Beloved Trilogy, #1)",Toni Morrison,3.98,"4,94,594","15,605"
The Help,Kathryn Stockett,4.47,"30,35,776","15,566"
"The Hunger Games (The Hunger Games, #1)",Suzanne Collins,4.35,"99,83,654","15,232"
Speak,Laurie Halse Anderson,4.05,"6,33,810","13,844"
A Doll's House,Henrik Ibsen,3.77,"1,65,430","13,574"
Their Eyes Were Watching God,Zora Neale Hurston,3.99,"3,89,368","13,240"
Feminism Is for Everybody: Passionate Politics,bell hooks,4.16,"28,581","12,153"
A Vindication of the Rights of Woman,Mary Wollstonecraft,3.92,"27,151","11,415"
Gone with the Wind,Margaret Mitchell,4.31,"12,59,650","11,065"
The Red Tent,Anita Diamant,4.21,"6,33,836","11,047"
Orlando,Virginia Woolf,3.87,"1,16,549","10,293"
A Thousand Splendid Suns,Khaled Hosseini,4.46,"17,50,592","10,160"
"The Girl With the Dragon Tattoo (Millennium, #1)",Stieg Larsson,4.18,"34,63,714","10,130"
"Women, Race & Class",Angela Y. Davis,4.59,"34,918","9,720"
Emma,Jane Austen,4.05,"9,90,944","9,705"
Full Frontal Feminism,Jessica Valenti,3.86,"8,043","9,435"
"Antigone (Theban Plays, #3)",Sophocles,3.69,"1,78,338","9,294"
The Complete Persepolis,Marjane Satrapi,4.4,"2,07,015","9,281"
The Left Hand of Darkness,Ursula K. Le Guin,4.1,"2,23,773","9,232"
Gender Trouble: Feminism and the Subversion of Identity,Judith Butler,4.05,"19,737","8,923"
"The Mists of Avalon (Avalon, #1)",Marion Zimmer Bradley,4.13,"2,13,346","8,917"
Mary Edwards Walker: America's Only Female Medal of Honor Recipient,Ammar Habib,4.37,"7,957","8,865"
Sister Outsider: Essays and Speeches,Audre Lorde,4.53,"41,245","8,667"
How to Be a Woman,Caitlin Moran,3.71,"1,10,424","8,362"
Cunt: A Declaration of Independence,Inga Muscio,3.88,"10,656","8,361"
Women Who Run With the Wolves,Clarissa Pinkola Estés,4.1,"97,248","8,087"
Yes Means Yes!: Visions of Female Sexual Power and A World Without Rape,Jaclyn Friedman,4.2,"5,236","7,931"
"Little Women (Little Women, #1)",Louisa May Alcott,4.17,"24,77,547","7,918"
Fried Green Tomatoes at the Whistle Stop Cafe,Fannie Flagg,4.28,"3,28,120","7,829"
To the Lighthouse,Virginia Woolf,3.81,"2,16,689","7,704"
Memoirs of a Geisha,Arthur Golden,4.16,"21,16,964","7,498"
The Joy Luck Club,Amy Tan,3.97,"7,11,172","7,357"
Feminist Theory: From Margin to Center,bell hooks,4.45,"9,112","7,349"
"The Golden Compass (His Dark Materials, #1)",Philip Pullman,4.03,"16,23,308","7,161"
Backlash: The Undeclared War Against American Women,Susan Faludi,4.05,"9,341","7,049"
A Vindication of the Rights of Men & A Vindication of the Rights of Woman & An Historical and Moral View of the French Revolution,Mary Wollstonecraft,4.02,812,"7,006"
I Am Malala: The Story of the Girl Who Stood Up for Education and Was Shot by the Taliban,Malala Yousafzai,4.16,"6,26,523","6,916"
Bad Feminist,Roxane Gay,3.92,"1,19,181","6,881"
Kindred,Octavia E. Butler,4.31,"2,76,004","6,860"
Matilda,Roald Dahl,4.34,"11,17,688","6,724"
"Alanna: The First Adventure (Song of the Lioness, #1)",Tamora Pierce,4.27,"1,37,112","6,720"
The Girl Who Played with Fire (Millennium #2),Stieg Larsson,4.26,"9,90,305","6,691"
Nickel and Dimed: On (Not) Getting By in America,Barbara Ehrenreich,3.65,"1,95,792","6,643"
The Scarlet Letter,Nathaniel Hawthorne,3.44,"9,24,316","6,549"
This Bridge Called My Back: Writings by Radical Women of Color,Cherríe L. Moraga,4.52,"9,815","6,356"
Ain't I a Woman: Black Women and Feminism,bell hooks,4.5,"19,413","6,230"
The Female Eunuch,Germaine Greer,3.68,"7,487","6,192"
The V Girl: A Coming of Age Story,Mya Robarts,3.95,"16,934","5,829"
"Our Bodies, Ourselves for the New Century",Boston Women's Health Book Collective,4.37,"7,341","5,813"
Female Chauvinist Pigs: Women and the Rise of Raunch Culture,Ariel Levy,3.67,"10,213","5,711"
Lysistrata,Aristophanes,3.86,"53,802","5,536"
Reading Lolita in Tehran: A Memoir in Books,Azar Nafisi,3.66,"1,40,893","5,463"
The Purity Myth: How America's Obsession with Virginity is Hurting Young Women,Jessica Valenti,4.08,"8,661","5,461"
"Herland (The Herland Trilogy, #2)",Charlotte Perkins Gilman,3.48,"26,378","5,437"
Anna Karenina,Leo Tolstoy,4.1,"9,38,555","5,368"
Half the Sky: Turning Oppression into Opportunity for Women Worldwide,Nicholas D. Kristof,4.28,"55,723","5,211"
Wide Sargasso Sea,Jean Rhys,3.59,"1,07,855","5,169"
For Colored Girls Who Have Considered Suicide / When the Rainbow Is Enuf,Ntozake Shange,4.29,"34,698","5,123"
Mrs. Dalloway,Virginia Woolf,3.77,"3,59,922","5,120"
The Stepford Wives,Ira Levin,3.89,"56,479","5,054"
Ariel,Sylvia Plath,4.18,"90,145","5,019"
"Against Our Will: Men, Women and Rape",Susan Brownmiller,4.05,"4,128","4,917"
SCUM Manifesto,Valerie Solanas,3.79,"12,382","4,770"
Whipping Girl: A Transsexual Woman on Sexism and the Scapegoating of Femininity,Julia Serano,4.27,"9,079","4,711"
"He's a Stud, She's a Slut, and 49 Other Double Standards Every Woman Should Know",Jessica Valenti,3.89,"3,272","4,706"
"Catching Fire (The Hunger Games, #2)",Suzanne Collins,4.36,"41,90,426","4,705"
The Bluest Eye,Toni Morrison,4.13,"3,05,103","4,495"
The Women's Room,Marilyn French,3.99,"9,426","4,303"
Zami: A New Spelling of My Name,Audre Lorde,4.4,"24,068","4,299"
Reviving Ophelia: Saving the Selves of Adolescent Girls,Mary Pipher,3.89,"26,610","4,231"
The House of Mirth,Edith Wharton,3.98,"1,06,494","4,162"
Like Water for Chocolate,Laura Esquivel,3.95,"3,96,890","4,116"
Tess of the D’Urbervilles,Thomas Hardy,3.84,"3,03,876","4,092"
Middlemarch,George Eliot,4.04,"1,80,324","4,037"
The Madwoman in the Attic: The Woman Writer and the Nineteenth-Century Literary Imagination,Sandra M. Gilbert,4.21,"4,139","3,914"
Medea,Euripides,3.95,"88,110","3,808"
Fun Home: A Family Tragicomic,Alison Bechdel,4.07,"2,03,499","3,598"
Borderlands/La Frontera: The New Mestiza,Gloria E. Anzaldúa,4.33,"13,572","3,512"
The Cider House Rules,John Irving,4.17,"1,96,553","3,390"
A Tree Grows in Brooklyn,Betty  Smith,4.3,"5,16,012","3,339"
"Witches, Midwives and Nurses: A History of Women Healers",Barbara Ehrenreich,4.03,"7,015","3,311"
Wuthering Heights,Emily Brontë,3.9,"21,45,671","3,311"
Atlas Shrugged,Ayn Rand,3.69,"4,07,985","3,296"
Fear of Flying,Erica Jong,3.48,"23,605","3,220"
A Room with a View,E.M. Forster,3.89,"2,02,777","3,189"
The Subjection of Women,John Stuart Mill,3.88,"3,775","3,126"
Diving Into the Wreck,Adrienne Rich,4.23,"9,676","3,007"
Sexual Politics,Kate Millett,3.99,"3,933","2,914"
Revolution from Within: A Book of Self-Esteem,Gloria Steinem,4.12,"3,183","2,906"
Invisible Women: Data Bias in a World Designed for Men,Caroline Criado Pérez,4.34,"1,71,166","2,843"
The Bloody Chamber and Other Stories,Angela Carter,3.9,"65,677","2,745"
The Diary of a Young Girl,Anne Frank,4.2,"42,18,336","2,612"
"Delusions of Gender: How Our Minds, Society, and Neurosexism Create Difference",Cordelia Fine,4.08,"11,461","2,570"
"Anne of Green Gables (Anne of Green Gables, #1)",L.M. Montgomery,4.33,"11,21,012","2,560"
"Manifesta: Young Women, Feminism, and the Future",Jennifer Baumgardner,3.72,"3,118","2,550"
The Tenant of Wildfell Hall,Anne Brontë,4.03,"1,32,328","2,516"
Bitch: In Praise of Difficult Women,Elizabeth Wurtzel,3.38,"5,165","2,507"
Woman on the Edge of Time,Marge Piercy,3.91,"18,908","2,466"
The Robber Bride,Margaret Atwood,3.83,"49,980","2,427"
Pornography: Men Possessing Women,Andrea Dworkin,4.03,"2,150","2,414"
Madame Bovary,Gustave Flaubert,3.71,"3,77,692","2,404"
In the Time of the Butterflies,Julia Alvarez,4.15,"79,949","2,319"
Fat Is a Feminist Issue,Susie Orbach,3.68,"2,286","2,251"
Colonize This!: Young Women of Color on Today's Feminism,Bushra Rehman,4.2,"3,256","2,204"
The Hours,Michael Cunningham,3.96,"1,49,228","2,179"
A Room of One's Own / Three Guineas,Virginia Woolf,4.18,"5,254","2,155"
Feminism: The Essential Historical Writings,Miriam Schneir,4.09,526,"2,130"
How to Suppress Women's Writing,Joanna Russ,4.27,"2,882","2,081"
The Female Man,Joanna Russ,3.46,"9,077","2,078"
Men Explain Things to Me,Rebecca Solnit,3.83,"88,136","2,042"
The Penelopiad,Margaret Atwood,3.71,"88,870","2,013"
The Creation of Patriarchy,Gerda Lerner,4.37,"2,434","2,007"
Carrie,Stephen  King,3.99,"8,53,507","1,990"
Bossypants,Tina Fey,3.96,"10,59,159","1,961"
When God Was a Woman,Merlin Stone,3.98,"7,098","1,938"
The House of the Spirits,Isabel Allende,4.3,"3,23,535","1,933"
Intercourse,Andrea Dworkin,4.01,"2,890","1,873"
The Color of Violence: The Incite! Anthology,Incite! Women of Color Against Violence,4.34,"1,392","1,869"
Americanah,Chimamanda Ngozi Adichie,4.31,"4,15,357","1,859"
For Her Own Good: Two Centuries of the Experts' Advice to Women,Barbara Ehrenreich,3.96,"2,505","1,840"
The Woman Warrior: Memoirs of a Girlhood Among Ghosts,Maxine Hong Kingston,3.73,"33,967","1,827"
"Native Tongue (Native Tongue, #1)",Suzette Haden Elgin,4,"4,805","1,798"
Stone Butch Blues,Leslie Feinberg,4.55,"37,176","1,792"
Of Woman Born: Motherhood as Experience and Institution,Adrienne Rich,4.23,"2,843","1,788"
The Edible Woman,Margaret Atwood,3.7,"40,915","1,787"
The Dialectic of Sex: The Case for Feminist Revolution,Shulamith Firestone,3.84,"2,813","1,784"
"Mockingjay (The Hunger Games, #3)",Suzanne Collins,4.12,"37,50,480","1,755"
The Invention of Wings,Sue Monk Kidd,4.26,"3,33,795","1,753"
Outrageous Acts and Everyday Rebellions,Gloria Steinem,4.19,"5,105","1,707"
North and South,Elizabeth Gaskell,4.15,"1,84,361","1,704"
Cult Girls,Natalie Grand,4.32,800,"1,700"
Oranges Are Not the Only Fruit,Jeanette Winterson,3.73,"93,829","1,687"
Cat’s Eye,Margaret Atwood,3.95,"73,106","1,687"
Where the Girls Are: Growing Up Female with the Mass Media,Susan J. Douglas,3.92,"2,618","1,682"
"Ella Enchanted (Ella Enchanted, #1)",Gail Carson Levine,4.02,"4,24,566","1,656"
The Age of Innocence,Edith Wharton,3.97,"1,97,407","1,637"
"Pippi Longstocking (Pippi Långstrump, #1)",Astrid Lindgren,4.15,"2,09,937","1,619"
To Kill a Mockingbird,Harper Lee,4.26,"69,31,427","1,598"
"The No. 1 Ladies' Detective Agency (No. 1 Ladies' Detective Agency, #1)",Alexander McCall Smith,3.81,"2,76,568","1,570"
"My Brilliant Friend (Neapolitan Novels, #1)",Elena Ferrante,4.05,"4,76,078","1,508"
Bastard Out of Carolina,Dorothy Allison,4.14,"47,963","1,503"
"Feminism Without Borders: Decolonizing Theory, Practicing Solidarity",Chandra Talpade Mohanty,4.23,"2,019","1,501"
Magda Revealed,Ursula Werner,4.24,181,"1,499"
Howards End,E.M. Forster,3.96,"95,200","1,492"
Valley of the Dolls,Jacqueline Susann,3.86,"78,163","1,487"
Daughter of Fortune,Isabel Allende,3.95,"1,41,203","1,481"
Even Cowgirls Get the Blues,Tom Robbins,3.79,"57,471","1,471"
"Global Woman: Nannies, Maids, and Sex Workers in the New Economy",Barbara Ehrenreich,3.84,"1,281","1,413"
Lolita,Vladimir Nabokov,3.87,"9,52,285","1,405"
The Verbally Abusive Relationship: How to Recognize It and How to Respond,Patricia Evans,4.26,"4,944","1,403"
Syrian Brides,Anna Halabi,4.21,261,"1,400"
The Jamange Line,The Conductor,4.29,130,"1,398"
Sexing the Cherry,Jeanette Winterson,3.84,"19,150","1,392"
"Dear Ijeawele, or A Feminist Manifesto in Fifteen Suggestions",Chimamanda Ngozi Adichie,4.5,"88,653","1,366"
Infidel,Ayaan Hirsi Ali,4.2,"92,813","1,335"
"Sabriel (Abhorsen, #1)",Garth Nix,4.16,"2,19,017","1,326"
Lady Chatterley's Lover,D.H. Lawrence,3.5,"1,38,747","1,325"
"Black Feminist Thought: Knowledge, Consciousness, and the Politics of Empowerment",Patricia Hill Collins,4.41,"5,538","1,316"
"Bitches, Bimbos, and Ballbreakers: The Guerrilla Girls' Illustrated Guide to Female Stereotypes",Guerrilla Girls,3.98,855,"1,313"
Coraline,Neil Gaiman,4.13,"7,86,485","1,305"
Everyday Sexism,Laura Bates,4.26,"12,599","1,284"
The Prime of Miss Jean Brodie,Muriel Spark,3.69,"61,536","1,269"
Three Guineas,Virginia Woolf,3.92,"5,814","1,265"
The Lover,Marguerite Duras,3.7,"74,387","1,234"
The Paper Bag Princess,Robert Munsch,4.31,"52,404","1,225"
"The Bitch in the House: 26 Women Tell the Truth About Sex, Solitude, Work, Motherhood, and Marriage",Cathi Hanauer,3.53,"3,371","1,222"
My Secret Garden: Women's Sexual Fantasies,Nancy Friday,3.67,"3,553","1,208"
Angela's Ashes,Frank McCourt,4.15,"6,60,259","1,208"
The Golden Notebook,Doris Lessing,3.77,"24,822","1,201"
Unswerving,Barbara Ridley,4.58,40,"1,200"
The Curse of Damini,Debajani Mohanty,3.87,119,"1,199"
King Lear,William Shakespeare,3.91,"2,38,670","1,191"
"Sister Citizen: Shame, Stereotypes, and Black Women in America",Melissa V. Harris-Perry,4.26,"3,392","1,172"
"Girl, Interrupted",Susanna Kaysen,3.95,"2,81,096","1,163"
Asking for It: The Alarming Rise of Rape Culture and What We Can Do about It,Kate Harding,4.37,"4,240","1,150"
The Gate to Women's Country,Sheri S. Tepper,4.06,"14,170","1,149"
When She Woke,Hillary Jordan,3.68,"30,144","1,141"
Moll Flanders,Daniel Defoe,3.52,"48,811","1,139"
King Kong théorie,Virginie Despentes,4,"37,719","1,121"
The Revolution Starts at Home: Confronting Intimate Violence Within Activist Communities,Ching-In Chen,4.39,"1,116","1,119"
"Divergent (Divergent, #1)",Veronica Roth,4.13,"44,01,016","1,111"
Hunger: A Memoir of (My) Body,Roxane Gay,4.17,"1,21,741","1,111"
Milk and honey,Rupi Kaur,3.95,"8,14,427","1,106"
Possession,A.S. Byatt,3.9,"84,755","1,104"
The Piano Teacher,Elfriede Jelinek,3.62,"16,628","1,100"
Gyn/Ecology: The Metaethics of Radical Feminism,Mary Daly,3.89,"1,554","1,094"
"How the Pro-Choice Movement Saved America: Freedom, Politics and the War on Sex",Cristina Page,4.04,975,"1,092"
Women & Power: A Manifesto,Mary Beard,4.02,"39,544","1,089"
My Life on the Road,Gloria Steinem,4.07,"36,660","1,088"
Enlightened Sexism: The Seductive Message That Feminism's Work Is Done,Susan J. Douglas,3.86,"2,322","1,072"
Persuasion,Jane Austen,4.15,"7,83,619","1,061"
The Woman's Encyclopedia of Myths and Secrets,Barbara G. Walker,4.32,"1,386","1,039"
Cinderella Ate My Daughter: Dispatches from the Frontlines of the New Girlie-Girl Culture,Peggy Orenstein,3.67,"16,164","1,038"
Listen Up: Voices From the Next Feminist Generation,Barbara Findlen,3.98,"1,489","1,035"
"Women's Bodies, Women's Wisdom: Creating Physical and Emotional Health and Healing",Christiane Northrup,4.33,"12,858","1,035"
The Laugh of the Medusa,Hélène Cixous,4.18,"3,403","1,006"
The Journalist's Companion,Christopher B Daly,4.82,11,"1,000"
Sexual Personae: Art and Decadence from Nefertiti to Emily Dickinson (Yale Nota Bene),Camille Paglia,3.99,"3,658",991
Misogyny: The World's Oldest Prejudice,Jack Holland,4.14,"2,844",981
"Dawn (Xenogenesis, #1)",Octavia E. Butler,4.15,"64,393",979
"Lean In: Women, Work, and the Will to Lead",Sheryl Sandberg,3.95,"2,69,561",974
"On Lies, Secrets, and Silence. Selected Prose 1966-1978",Adrienne Rich,4.35,"1,149",964
"A Wrinkle in Time (Time Quintet, #1)",Madeleine L'Engle,3.97,"12,91,356",957
Gone Girl,Gillian Flynn,4.15,"34,68,317",951
Kissing the Witch: Old Tales in New Skins,Emma Donoghue,3.88,"8,244",949
The Sexual Politics of Meat: A Feminist-Vegetarian Critical Theory,Carol J. Adams,4,"4,542",947
Memoirs of a Dutiful Daughter,Simone de Beauvoir,4.12,"18,607",947
Nervous Conditions,Tsitsi Dangarembga,4.04,"23,262",945
"Tehanu (Earthsea Cycle, #4)",Ursula K. Le Guin,4.06,"59,941",933
Right-Wing Women,Andrea Dworkin,4.32,"2,483",930
Transformations,Anne Sexton,4.11,"7,398",928
The World According to Garp,John Irving,4.11,"2,39,512",924
Far From the Madding Crowd,Thomas Hardy,3.97,"1,67,158",924
The Second Shift,Arlie Russell Hochschild,4.14,"2,464",919
Woman Hating,Andrea Dworkin,3.84,"2,673",916
All About Love: New Visions,bell hooks,4,"1,39,543",900
"Storm and Silence (Storm and Silence, #1)",Robert Thier,4.49,"29,777",900
Sula,Toni Morrison,4.06,"1,25,997",883
"Howl’s Moving Castle (Howl’s Moving Castle, #1)",Diana Wynne Jones,4.28,"4,52,175",883
Shrill: Notes from a Loud Woman,Lindy West,4.16,"63,570",878
Oryx and Crake,Margaret Atwood,4,"2,88,934",870
Transforming a Rape Culture,Emilie Buchwald,4.36,748,863
The Autobiography of Margaret Sanger,Margaret Sanger,3.84,183,854
This Sex Which is Not One,Luce Irigaray,4.01,"1,871",852
Tipping the Velvet,Sarah Waters,4.06,"78,844",851
Paper Towns,John Green,3.7,"14,97,320",833
"The Clan of the Cave Bear (Earth's Children, #1)",Jean M. Auel,4.1,"2,83,828",817
Why I'm No Longer Talking to White People About Race,Reni Eddo-Lodge,4.37,"1,01,195",801
Rose Madder,Stephen  King,3.76,"1,24,569",794
Living Dolls: The Return of Sexism,Natasha Walter,3.83,"2,696",793
"Killing the Black Body: Race, Reproduction, and the Meaning of Liberty",Dorothy Roberts,4.45,"5,266",792
"City of Bones (The Mortal Instruments, #1)",Cassandra Clare,4.07,"21,78,668",791
"Eat, Pray, Love",Elizabeth Gilbert,3.65,"18,48,952",787
Silent Spring,Rachel Carson,4.06,"55,319",783
Feminism Unmodified: Discourses on Life and Law,Catharine A. MacKinnon,3.96,306,780
Asking For It,Louise O'Neill,4,"24,296",761
"The Chalice and the Blade: Our History, Our Future",Riane Eisler,4.18,"4,309",760
The War Against Women,Marilyn French,4.09,548,755
The Portrait of a Lady,Henry James,3.8,"85,461",748
Notorious RBG: The Life and Times of Ruth Bader Ginsburg,Irin Carmon,4.18,"63,759",747
"Cinder (The Lunar Chronicles, #1)",Marissa Meyer,4.12,"10,16,176",745
"Parable of the Sower (Earthseed, #1)",Octavia E. Butler,4.19,"2,69,627",744
"The Testaments (The Handmaid's Tale, #2)",Margaret Atwood,4.2,"4,29,471",742
"Gaudy Night (Lord Peter Wimsey, #12)",Dorothy L. Sayers,4.19,"32,311",736
The Spiral Dance: A Rebirth of the Ancient Religion of the Great Goddess,Starhawk,4.04,"10,608",735
Femininity,Susan Brownmiller,3.86,518,717
The Bust Guide to the New Girl Order,Marcelle Karp,3.82,"1,121",716
"Harry Potter and the Sorcerer's Stone (Harry Potter, #1)",J.K. Rowling,4.47,"1,14,91,253",705
Give Birth Like a Feminist: Your Body. Your Baby. Your Choices.,Milli Hill,3.97,"1,256",700
"Fire (Graceling Realm, #2)",Kristin Cashore,4.09,"1,94,407",696
The Great Cosmic Mother: Rediscovering the Religion of the Earth,Monica Sjöö,4.07,"2,256",695
Refusing to be a Man: Essays on Sex and Justice,John Stoltenberg,4.04,337,694
The Catcher in the Rye,J.D. Salinger,3.8,"39,15,612",691
Circe,Madeline Miller,4.22,"13,69,184",689
Rubyfruit Jungle,Rita Mae Brown,3.91,"47,297",682
Teaching to Transgress: Education as the Practice of Freedom,bell hooks,4.44,"13,043",676
"I, Rigoberta Menchú: An Indian Woman in Guatemala",Rigoberta Menchú,3.86,"6,492",675
BITCHfest: Ten Years of Cultural Criticism from the Pages of Bitch Magazine,Margaret Cho,4.04,"3,335",675
Ash,Malinda Lo,3.63,"37,782",670
Woman: An Intimate Geography,Natalie Angier,4.13,"4,486",669
Living My Life,Emma Goldman,4.27,"2,180",663
The Essential Dykes To Watch Out For,Alison Bechdel,4.45,"13,539",661
Slut!: Growing Up Female with a Bad Reputation,Leora Tanenbaum,3.88,"1,973",660
"Bitch Planet, Vol. 1: Extraordinary Machine (Bitch Planet Collected Editions, #1)",Kelly Sue DeConnick,4.02,"24,952",659
"Persepolis: The Story of a Childhood (Persepolis, #1)",Marjane Satrapi,4.27,"2,32,106",658
Compulsory Heterosexuality and Lesbian Existence,Adrienne Rich,4.27,"2,414",657
Know My Name,Chanel Miller,4.68,"2,61,145",657
Mansfield Park,Jane Austen,3.86,"3,81,761",650
The Women of Brewster Place,Gloria Naylor,4.2,"21,798",639
Middlesex,Michael   Robbins,3.91,191,637
The Virgin Suicides,Jeffrey Eugenides,3.78,"4,17,738",635
"Allegiant (Divergent, #3)",Veronica Roth,3.6,"11,46,276",630
The Passion,Jeanette Winterson,4.11,"26,690",627
The Story of Jane: The Legendary Underground Feminist Abortion Service,Laura Kaplan,4.34,"3,562",627
Can't Buy My Love: How Advertising Changes the Way We Think and Feel,Jean Kilbourne,4.05,"1,006",620
Our Blood: Prophecies and Discourses on Sexual Politics,Andrea Dworkin,4.41,629,620
Leftover Women: The Resurgence of Gender Inequality in China,Leta Hong Fincher,3.97,647,618
The Sun and Her Flowers,Rupi Kaur,4.08,"3,80,438",613
Out of Africa,Isak Dinesen,3.91,"48,319",610
Island of the Blue Dolphins,Scott O'Dell,3.88,"3,50,887",608
"Gender Outlaw: On Men, Women and the Rest of Us",Kate Bornstein,4.03,"6,373",606
The Story of My Life,Helen Keller,4.07,"1,51,488",603
"Insurgent (Divergent, #2)",Veronica Roth,3.96,"16,28,966",602
Fräulein M.,Caroline  Woods,3.96,684,600
Gilded Dreams (Newport's Gilded Age #2),Donna Russo Morin,4.23,321,600
One More Moon,Ralph  Webster,4.41,295,600
The Disreputable History of Frankie Landau-Banks,E. Lockhart,3.8,"50,866",595
Midwives,Chris Bohjalian,4,"1,63,514",594
Who Cooked the Last Supper? The Women's History of the World,Rosalind Miles,3.79,"4,619",591
Nine Parts of Desire: The Hidden World of Islamic Women,Geraldine Brooks,4.05,"15,261",591
#SayHerName: Black Women's Stories of State Violence and Public Silence,Kimberlé Crenshaw,4.46,113,591
Hood Feminism: Notes from the Women That a Movement Forgot,Mikki Kendall,4.35,"63,880",590
The Secret Magdalene,Ki Longfellow,4.14,"4,749",588
The Six Wives of Henry VIII,Alison Weir,4.12,"73,127",580
Electra,Sophocles,3.82,"14,368",578
Headscarves and Hymens: Why the Middle East Needs a Sexual Revolution,Mona Eltahawy,4.17,"4,941",578
The Narrative of Sojourner Truth,Sojourner Truth,4.09,"10,677",568
Not Without My Daughter,Betty Mahmoody,4.19,"39,236",568
The Story of an Hour,Kate Chopin,4.06,"27,060",568
Flow Down Like Silver,Ki Longfellow,4.01,"4,510",568
The Power,Naomi Alderman,3.75,"2,53,320",567
The Grace Year,Kim Liggett,4.13,"2,46,980",567
Her Smoke Rose Up Forever,James Tiptree Jr.,4.18,"4,756",566
"Easy (Contours of the Heart, #1)",Tammara Webber,4.07,"2,29,323",564
Sacred Hearts,Sarah Dunant,3.79,"13,494",563
Middlesex,Jeffrey Eugenides,4.04,"6,65,292",559
Only Ever Yours,Louise O'Neill,3.76,"18,283",555
The Cancer Journals,Audre Lorde,4.43,"5,536",553
Wild: From Lost to Found on the Pacific Crest Trail,Cheryl Strayed,4.07,"8,71,558",553
Toward a Feminist Theory of the State,Catharine A. MacKinnon,3.98,554,550
Are Prisons Obsolete?,Angela Y. Davis,4.51,"30,492",546
"Rad American Women A-Z: Rebels, Trailblazers, and Visionaries who Shaped Our History . . . and Our Future!",Kate Schatz,4.41,"3,146",546
Dolores Claiborne,Stephen  King,3.95,"1,71,802",545
The Whole Woman,Germaine Greer,3.74,"1,034",545
Nights at the Circus,Angela Carter,3.88,"14,784",543
Conquest: Sexual Violence and American Indian Genocide,Andrea Lee Smith,4.33,"1,368",540
In a Different Voice: Psychological Theory and Women’s Development,Carol Gilligan,4.06,"4,197",539
"Poison Study (Study, #1)",Maria V. Snyder,4.09,"1,76,610",533
"Exile and Pride: Disability, Queerness, and Liberation",Eli Clare,4.37,"2,521",533
Memoirs of an Ex-Prom Queen,Alix Kates Shulman,3.47,"1,765",532
"Anne of the Island (Anne of Green Gables, #3)",L.M. Montgomery,4.28,"1,95,104",531
"Redefining Realness: My Path to Womanhood, Identity, Love & So Much More",Janet Mock,4.3,"16,649",531
Sexing the Body: Gender Politics and the Construction of Sexuality,Anne Fausto-Sterling,4.16,"2,826",530
Villette,Charlotte Brontë,3.78,"81,233",528
Pro: Reclaiming Abortion Rights,Katha Pollitt,4.28,"2,099",525
Sold,Patricia McCormick,4.24,"65,175",525
The Fountainhead,Ayn Rand,3.89,"3,38,203",524
Homophobia: A Weapon of Sexism,Susan G. Raymond,4.18,185,522
Kiss My Tiara: How to Rule the World as a SmartMouth Goddess,Susan Jane Gilman,3.6,"1,716",521
Beyond God the Father: Toward a Philosophy of Women's Liberation,Mary Daly,3.93,876,521
"First Test (Protector of the Small, #1)",Tamora Pierce,4.25,"63,475",519
Letters from a War Zone,Andrea Dworkin,4.38,384,518
"Hello Cruel World: 101 Alternatives to Suicide for Teens, Freaks & Other Outlaws",Kate Bornstein,4,"1,738",515
Promiscuities: The Secret Struggle for Womanhood,Naomi Wolf,3.81,"1,846",513
Ophelia Speaks,Sara Shandler,3.84,"2,501",509
"The Hero and the Crown (Damar, #2)",Robin McKinley,4.21,"55,168",508
The Obstacle Race: The Fortunes of Women Painters and Their Work,Germaine Greer,4.12,154,500
Dawn Among the Stars,Samantha Heuwagen,4.47,102,500
Unwifeable: A Memoir,Mandy Stadtmiller,3.57,"3,295",500
Betty,Tiffany   McDaniel,4.4,"60,342",500
Separate Things: A Memoir,Ashley Marie Berry,4.15,94,500
"A Memory, a Monologue, a Rant, and a Prayer: Writings to Stop Violence Against Women and Girls",V (formerly Eve Ensler),4.18,507,497
"Wild Seed (Patternist, #1)",Octavia E. Butler,4.2,"40,069",497
The Industrial Vagina: The Political Economy of the Global Sex Trade,Sheila Jeffreys,3.96,280,496
2005 - Thanks for the Vodka,Harpie,3.94,289,496
Decoded (The Ex-Files - Unsolved Mysteries Investigations Book 1),Amalia Rose,4.35,31,496
"Love, Activism, and the Respectable Life of Alice Dunbar-Nelson",Tara T. Green,4.15,40,495
"Scarlet (The Lunar Chronicles, #2)",Marissa Meyer,4.23,"4,62,920",493
2006 - Thanks for the Vodka,Harpie,4.8,15,491
"The Technology of Orgasm: ""Hysteria,"" the Vibrator, and Women's Sexual Satisfaction",Rachel P. Maines,3.91,936,485
"The Goddesses and Gods of Old Europe, 6500-3500 BC.: Myths and Cult Images",Marija Gimbutas,4.26,375,483
I Am an Emotional Creature,Eve Ensler,4.01,"3,401",482
Coming of Age in Mississippi: The Classic Autobiography of a Young Black Girl in the Rural South,Anne Moody,4.13,"11,687",482
"Dealing with Dragons (Enchanted Forest Chronicles, #1)",Patricia C. Wrede,4.16,"94,568",481
Packaging Girlhood: Rescuing Our Daughters from Marketers' Schemes,Sharon Lamb,3.67,563,480
Kunskapens frukt,Liv Strömquist,4.5,"13,025",480
Trans Liberation: Beyond Pink or Blue,Leslie Feinberg,4.12,"1,999",479
Pornland: How Porn Has Hijacked Our Sexuality,Gail Dines,3.96,"1,940",478
"The Fifth Season (The Broken Earth, #1)",N.K. Jemisin,4.28,"3,37,740",477
The Elegance of the Hedgehog,Muriel Barbery,3.81,"2,01,162",475
Get to Work: A Manifesto for Women of the World,Linda R. Hirshman,3.62,346,474
Peony in Love,Lisa See,3.64,"50,743",469
Possessing the Secret of Joy,Alice Walker,4.09,"15,806",465
Raising Cain: Protecting the Emotional Life of Boys,Dan Kindlon,4.01,"5,634",464
"Communion: The Female Search for Love (Love Song to the Nation, #2)",bell hooks,4.34,"10,876",464
Assata: An Autobiography,Assata Shakur,4.6,"31,803",461
If Life Is a Bowl of Cherries What Am I Doing in the Pits?,Erma Bombeck,4.03,"14,848",460
The Natural Superiority of Women,Ashley Montagu,3.93,148,458
Virgin: The Untouched History,Hanne Blank,3.95,"1,453",457
"Testosterone Rex: Myths of Sex, Science, and Society",Cordelia Fine,3.79,"3,555",457
Educated,Tara Westover,4.46,"18,81,836",452
The Dance of Anger: A Woman's Guide to Changing the Patterns of Intimate Relationships,Harriet Lerner,4.11,"29,427",449
"The Secret of the Old Clock (Nancy Drew Mystery Stories, #1)",Carolyn Keene,3.98,"84,574",449
"Shanghai Girls (Shanghai Girls, #1)",Lisa See,3.92,"1,63,244",447
Good and Mad: The Revolutionary Power of Women's Anger,Rebecca Traister,4.36,"12,164",439
"Flux: Women on Sex, Work, Love, Kids, and Life in a Half-Changed World",Peggy Orenstein,3.85,757,434
Written on the Body,Jeanette Winterson,4.08,"34,209",432
Not That Bad: Dispatches from Rape Culture,Roxane Gay,4.43,"22,834",430
Women in Love,D.H. Lawrence,3.66,"33,544",424
Heartbreak: The Political Memoir of a Feminist Militant,Andrea Dworkin,4.15,815,421
"Hild (The Hild Sequence, #1)",Nicola Griffith,3.85,"12,875",416
A Woman in Berlin: Eight Weeks in the Conquered City: A Diary,Anonymous,4.29,"17,907",415
The Glass Castle,Jeannette Walls,4.33,"13,71,568",411
The Good Women of China: Hidden Voices,Xinran,4.32,"13,354",409
Foxfire: Confessions of a Girl Gang,Joyce Carol Oates,3.78,"8,260",402
Esperanza Rising,Pam Muñoz Ryan,4.05,"1,14,916",402
"Paradise (Beloved Trilogy, #3)",Toni Morrison,3.86,"29,218",400
Root of the Spark,Michele Fogal,4.07,44,400
Are Women Human?: And Other International Dialogues,Catharine A. MacKinnon,4.28,235,395
Girls to the Front: The True Story of the Riot Grrrl Revolution,Sara Marcus,3.95,"9,116",395
"Clockwork Prince (The Infernal Devices, #2)",Cassandra Clare,4.42,"5,87,000",395
See Me Naked: Black Women Defining Pleasure During the Interwar Era,Tara T. Green,4.14,7,395
Walks Away Woman,Ki Longfellow,4.37,"1,191",393
"The Year of the Flood (MaddAddam, #2)",Margaret Atwood,4.07,"1,33,511",390
Reality Bites Back: The Troubling Truth About Guilty Pleasure TV,Jennifer L. Pozner,3.85,"1,123",387
Beauty and Misogyny: Harmful Cultural Practices in the West,Sheila Jeffreys,4.03,432,386
Women Don't Owe You Pretty,Florence Given,3.69,"69,030",386
Lives of Girls and Women,Alice Munro,3.94,"16,090",383
Brick Lane,Monica Ali,3.46,"35,879",382
Feuchtgebiete,Charlotte Roche,2.88,"12,055",378
"Not That Kind of Girl: A Young Woman Tells You What She's ""Learned""",Lena Dunham,3.29,"1,35,831",378
"America's Women: 400 Years of Dolls, Drudges, Helpmates, and Heroines",Gail Collins,4.16,"4,893",377
The Feminine Mistake: Are We Giving Up Too Much?,Leslie Bennetts,3.75,"1,001",373
Jane Sexes It Up: True Confessions of Feminist Desire,Merri Lisa Johnson,4,697,372
"Code Name Verity (Code Name Verity, #1)",Elizabeth Wein,4,"1,28,840",372
"Histoire d'O | Story of O (Story of O, #1)",Pauline Réage,3.3,"22,185",371
She’s Come Undone,Wally Lamb,3.92,"3,64,682",369
Myths of Gender: Biological Theories about Women and Men,Anne Fausto-Sterling,4.12,416,367
"Scheherazade Goes West: Different Cultures, Different Harems",Fatema Mernissi,3.9,"1,393",365
The Female of the Species,Mindy McGinnis,4.14,"39,034",364
True Grit,Charles Portis,4.17,"73,755",363
The Meaning of Wife: A Provocative Look at Women and Marriage in the Twenty-First Century,Anne Kingston,3.67,"1,049",362
Survival of the Prettiest: The Science of Beauty,Nancy L. Etcoff,3.78,"1,991",360
"Women, Culture, and Politics",Angela Y. Davis,4.38,"1,691",356
I'm Afraid of Men.,Vivek Shraya,4.2,"12,643",354
"I, Elizabeth",Rosalind Miles,4.02,"13,570",353
The Gift of Fear: And Other Survival Signals That Protect Us from Violence,Gavin de Becker,4.18,"51,777",353
"Throne of Glass (Throne of Glass, #1)",Sarah J. Maas,4.19,"24,54,639",350
The Equality Illusion: The Truth About Women and Men Today,Kat Banyard,4.01,803,349
"This Is Woman's Work: Calling Forth Your Inner Council of Wise, Brave, Crazy, Rebellious, Loving, Luminous Selves",Dominique Christina,4.34,143,348
Stiffed: The Betrayal of the American Man,Susan Faludi,3.93,"1,058",347
In the Company of the Courtesan,Sarah Dunant,3.8,"26,011",347
"Anne of Avonlea (Anne of Green Gables, #2)",L.M. Montgomery,4.23,"2,27,851",347
The Hite Report: A Nationwide Study of Female Sexuality,Shere Hite,3.88,840,344
The Mother of All Questions,Rebecca Solnit,4.19,"9,062",343
Where We Stand: Class Matters,bell hooks,4.24,"2,944",341
How to be Both,Ali Smith,3.66,"27,711",340
"Clockwork Princess (The Infernal Devices, #3)",Cassandra Clare,4.55,"4,78,799",340
Myth of the Welfare Queen: A Pulitzer Prize-Winning Journalist's Portrait of Women on the Line,David Zucchino,4.3,272,339
Some of Us Did Not Die: New and Selected Essays,June Jordan,4.45,881,335
"Thendara House (Darkover, #13)",Marion Zimmer Bradley,3.98,"2,953",335
"Galileo's Daughter: A Historical Memoir of Science, Faith and Love",Dava Sobel,3.75,"30,419",334
Washington Square,Henry James,3.71,"26,009",330
"Marbles: Mania, Depression, Michelangelo, and Me",Ellen Forney,4.02,"16,757",329
Medea,Christa Wolf,3.92,"5,074",328
Going Too Far: The Personal Chronicle of a Feminist,Robin Morgan,3.98,46,328
The Vegetarian,Han Kang,3.65,"3,95,604",323
The Woman Destroyed,Simone de Beauvoir,4.01,"46,468",320
Flow: The Cultural Story of Menstruation,Elissa Stein,3.71,"1,715",320
M. Butterfly,David Henry Hwang,3.93,"15,138",319
"Postmortem (Kay Scarpetta, #1)",Patricia Daniels Cornwell,4.03,"2,57,748",319
The Body Project: An Intimate History of American Girls,Joan Jacobs Brumberg,3.82,"3,758",319
Why Does He Do That? Inside the Minds of Angry and Controlling Men,Lundy   Bancroft,4.49,"18,234",319
All the Single Ladies,Rebecca Traister,4,"17,440",318
"The Means of Reproduction: Sex, Power, and the Future of the World",Michelle Goldberg,4.02,"1,083",315
The Gospel According to Woman: Christianity's Creation of the Sex War in the West,Karen Armstrong,3.8,149,314
Bone Black,bell hooks,4.26,"4,413",314
The Complete Poems,Anne Sexton,4.29,"16,839",314
The Passion of Artemisia,Susan Vreeland,3.91,"20,029",314
"Persepolis 2: The Story of a Return (Persepolis, #2)",Marjane Satrapi,4.22,"79,318",313
Divine Secrets of the Ya-Ya Sisterhood,Rebecca Wells,3.86,"5,69,269",312
"The Girl Who Kicked the Hornet’s Nest (Millennium, #3)",Stieg Larsson,4.24,"7,78,931",310
From the Mixed-Up Files of Mrs. Basil E. Frankweiler,E.L. Konigsburg,4.16,"2,19,795",310
The Weaker Vessel,Antonia Fraser,3.92,"1,431",310
The Diary of Frida Kahlo: An Intimate Self-Portrait,Frida Kahlo,3.89,"50,125",309
Lucky,Alice Sebold,3.77,"1,01,950",308
"The Suffragette Scandal (Brothers Sinister, #4)",Courtney Milan,4.06,"9,405",307
"How to be Famous (How to Build a Girl, #2)",Caitlin Moran,4,"8,832",306
"One Thousand White Women: The Journals of May Dodd (One Thousand White Women, #1)",Jim Fergus,3.91,"1,36,838",305
The Flight Cage,Rebecca Dunham,3.83,30,300
Harriet the Spy (Harriet the Spy #1),Louise Fitzhugh,3.95,"1,00,840",300
DIARY OF AN INTERNATIONAL CALL GIRL,Isabella Pax,4.22,9,300
"Freyja's Daughter (Wild Women, #1)",Rachel Pudelek,3.8,383,300
The Outcasts - A Thousand Dreams of Redemption,Lidija Stankovikj,4.06,36,300
"Women's Voices, Feminist Visions: Classic and Contemporary Readings",Susan M. Shaw,3.91,486,299
"Shillingstone Witch (Fiona Frost, #4)",Bon Blossman,3.76,"1,258",299
Feminismo para principiantes,Nuria Varela,4.29,"4,239",299
Feminist AF: A Guide to Crushing Girlhood,Brittney Cooper,4.37,245,299
Gerald's Game,Stephen  King,3.59,"1,79,892",298
The Blind Assassin,Margaret Atwood,3.96,"1,64,094",298
Summer Hours,Amy Mason Doan,3.83,"2,905",298
We Are Bridges: A Memoir,Cassandra Lane,4.03,391,298
How We Fall,Kate Brauning,3.65,734,298
The Clique,Rhiannon Barnsley,3.83,734,298
When Women Were Birds: Fifty-four Variations on Voice,Terry Tempest Williams,4.21,"9,503",297
Shakespeare's Wife,Germaine Greer,3.46,"1,120",296
Disposable Domestics: Immigrant Women Workers in the Global Economy,Grace Chang,4.25,247,294
"Can We All Be Feminists?: New Writing from Brit Bennett, Nicole Dennis-Benn, and 15 Others on Intersectionality, Identity, and the Way Forward for Feminism",June Eric-Udorie,4.25,"1,313",294
The Straight Mind: And Other Essays,Monique Wittig,4.14,"2,677",293
You Can't Keep a Good Woman Down: Stories,Alice Walker,4.01,"3,416",291
Pro-Life Feminism: Different Voices,Gail-Grenier Sweet,3.75,8,290
Purple Hibiscus,Chimamanda Ngozi Adichie,4.18,"1,44,616",290
"The Girl with All the Gifts (The Girl With All the Gifts, #1)",M.R. Carey,3.95,"2,46,023",290
"How to Build a Girl (How to Build a Girl, #1)",Caitlin Moran,3.71,"36,910",290
In Defense of Witches: The Legacy of the Witch Hunts and Why Women Are Still on Trial,Mona Chollet,4.04,"23,664",290
When I Hit You,Meena Kandasamy,4.07,"6,656",289
"Garden Spells (Waverley Family, #1)",Sarah Addison Allen,4.07,"1,08,372",287
"The Realms of the Gods (Immortals, #4)",Tamora Pierce,4.31,"57,805",287
Remarkable Creatures,Tracy Chevalier,3.9,"55,888",285
From the Beast to the Blonde: On Fairy Tales and Their Tellers,Marina Warner,4.12,"1,476",284
The Price of Motherhood: Why the Most Important Job in the World Is Still the Least Valued,Ann Crittenden,4.06,776,284
The Geek Feminist Revolution,Kameron Hurley,3.86,"4,297",284
The Kin of Ata Are Waiting for You,Dorothy Bryant,4.16,"2,361",283
"Girl, Woman, Other",Bernardine Evaristo,4.26,"2,66,459",283
Are You My Mother?: A Comic Drama,Alison Bechdel,3.71,"35,634",282
"Wolf-Speaker (The Immortals, #2)",Tamora Pierce,4.21,"60,908",282
Her Body and Other Parties: Stories,Carmen Maria Machado,3.8,"1,06,874",282
Feminists Don't Wear Pink (And Other Lies): Amazing Women on What the F-Word Means to Them,Scarlett Curtis,3.99,"16,884",281
"Emperor Mage (The Immortals, #3)",Tamora Pierce,4.29,"65,817",277
Feminist Literary Theory: A Reader,Mary Eagleton,3.76,123,276
"Unbearable Weight: Feminism, Western Culture, and the Body",Susan Bordo,4.12,"1,876",276
"Exit, Pursued by a Bear",E.K. Johnston,3.9,"12,582",276
Feminasty: The Complicated Woman's Guide to Surviving the Patriarchy Without Drinking Herself to Death,Erin Gibson,3.99,"4,619",275
Push,Sapphire,3.88,"59,438",274
Yes Please,Amy Poehler,3.85,"5,57,813",273
Anarchism and Other Essays,Emma Goldman,4.06,"7,252",273
Pygmalion,George Bernard Shaw,3.88,"1,10,197",272
Fa Mulan: The Story of a Woman Warrior,Robert D. San Souci,3.86,363,271
The Sadeian Woman: And the Ideology of Pornography,Angela Carter,4.04,"1,594",270
"Graceling (Graceling Realm, #1)",Kristin Cashore,4.06,"4,81,066",270
Anti-Porn: The Resurgence of Anti-Pornography Feminism,Julia Long,3.97,62,270
I Don't: A Contrarian History of Marriage,Susan Squire,3.45,385,269
A People’s History of the United States: 1492 - Present,Howard Zinn,4.09,"2,67,634",269
"Black Sexual Politics: African Americans, Gender, and the New Racism",Patricia Hill Collins,4.35,"1,078",268
Woman of Valor: Margaret Sanger and the Birth Control Movement in America,Ellen Chesler,3.71,169,267
Untamed,Glennon Doyle,3.98,"5,17,855",267
Shakespeare's Sister,Virginia Woolf,4.38,152,266
American Wife,Curtis Sittenfeld,3.78,"65,607",266
Hawkmistress!,Marion Zimmer Bradley,4,"4,509",266
Dietland,Sarai Walker,3.56,"22,448",266
"Mismeasure of Woman: Why Women Are Not the Better Sex, the Inferior Sex, or the Opposite Sex",Carol Tavris,4.07,431,266
Black and Blue,Anna Quindlen,3.89,"83,934",265
The Midwife's Apprentice,Karen Cushman,3.73,"43,507",265
"Beautiful Creatures (Caster Chronicles, #1)",Kami Garcia,3.78,"6,22,124",264
"The Two Princesses of Bamarre (The Two Princesses of Bamarre, #1)",Gail Carson Levine,4.06,"74,642",264
Vagina: A New Biography,Naomi Wolf,3.79,"4,313",262
Why Be Happy When You Could Be Normal?,Jeanette Winterson,4.01,"46,854",261
Fast Girls: Teenage Tribes and the Myth of the Slut,Emily   White,3.4,374,260
"Read My Hips: How I Learned to Love My Body, Ditch Dieting, and Live Large",Kim Brittingham,3.7,299,259
Lavinia,Ursula K. Le Guin,3.86,"17,656",259
"The Countess Conspiracy (Brothers Sinister, #3)",Courtney Milan,3.91,"13,293",258
Rage Becomes Her: The Power of Women's Anger,Soraya Chemaly,4.33,"11,455",258
The Underground Girls of Kabul: In Search of a Hidden Resistance in Afghanistan,Jenny Nordberg,4.11,"14,355",257
Literal Madness: Three Novels,Kathy Acker,3.83,253,256
The Book of the City of Ladies,Christine de Pizan,3.8,"4,522",256
"We Were Feminists Once: From Riot Grrrl to CoverGirl, the Buying and Selling of a Political Movement",Andi Zeisler,4.11,"3,263",256
"Halfway to the Grave (Night Huntress, #1)",Jeaniene Frost,4.13,"1,65,110",256
Living a Feminist Life,Sara Ahmed,4.3,"3,308",255
Virginity or Death!: And Other Social and Political Issues of Our Time,Katha Pollitt,3.94,230,254
War's Unwomanly Face,Svetlana Alexievich,4.51,"39,505",254
Open Wide the Freedom Gates: A Memoir,Dorothy I. Height,4.18,330,253
"Deeper (Caroline & West, #1)",Robin York,3.99,"8,316",253
"Magic Bites (Kate Daniels, #1)",Ilona Andrews,4.05,"1,35,493",253
Sisterhood Is Powerful: An Anthology of Writings from the Women's Liberation Movement,Robin Morgan,4.22,"1,245",253
What Is Marriage For?: The Strange Social History of Our Most Intimate Institution,E.J. Graff,3.85,143,252
Brazen: Rebel Ladies Who Rocked the World,Pénélope Bagieu,4.51,"9,403",252
Take Back the Night: Women on Pornography,Laura Lederer,3.81,52,251
Excluded: Making Feminist and Queer Movements More Inclusive,Julia Serano,3.92,881,251
"Unmentionable: The Victorian Lady's Guide to Sex, Marriage, and Manners",Therese Oneill,3.82,"9,314",251
Missoula: Rape and the Justice System in a College Town,Jon Krakauer,4.12,"59,233",250
"Loving to Survive: Sexual Terror, Men's Violence, and Women's Lives (Feminist Crosscurrents, 3)",Dee L.R. Graham,4.51,206,250
"Ahab's Wife, or The Star-Gazer",Sena Jeter Naslund,4.04,"45,321",249
The Sex Myth: The Gap Between Our Fantasies and Reality,Rachel Hills,3.55,698,249
Pink Sari Revolution: A Tale of Women and Power in India,Amana Fontanella-Khan,3.57,577,247
Living History,Hillary Rodham Clinton,3.76,"34,286",247
Moxie,Jennifer Mathieu,4.18,"35,436",247
The Essential Feminist Reader,Estelle B. Freedman,4.2,"1,015",243
Becoming,Michelle Obama,4.43,"12,06,654",243
Our Women on the Ground: Essays by Arab Women Reporting from the Arab World,Zahra Fatima Hankir,4.49,"4,539",242
In Our Time: Memoir of a Revolution,Susan Brownmiller,3.78,299,241
The Ethics of Ambiguity,Simone de Beauvoir,4.17,"8,163",240
Words of Fire: An Anthology of African-American Feminist Thought,Beverly Guy-Sheftall,4.47,950,239
A Woman Is No Man,Etaf Rum,4.25,"1,78,618",239
Lessons in Chemistry,Bonnie Garmus,4.28,"18,07,088",239
The Merchant of Venice,William Shakespeare,3.77,"2,03,809",238
"Wild Magic (Immortals, #1)",Tamora Pierce,4.31,"82,960",237
"My Gender Workbook: How to Become a Real Man, a Real Woman, the Real You, or Something Else Entirely",Kate Bornstein,3.98,"1,651",236
"Olive Kitteridge (Olive Kitteridge, #1)",Elizabeth Strout,3.86,"2,70,349",236
"A Court of Thorns and Roses (A Court of Thorns and Roses, #1)",Sarah J. Maas,4.15,"42,75,675",236
"Meena, Heroine of Afghanistan: The Martyr Who Founded RAWA, the Revolutionary Association of the Women of Afghanistan",Melody Ermachild Chavis,4.16,361,235
"Skin: Talking About Sex, Class And Literature",Dorothy Allison,4.27,"2,597",234
Straight: The Surprisingly Short History Of Heterosexuality,Hanne Blank,3.78,"1,123",234
An Autobiography,Angela Y. Davis,4.44,"10,893",234
"Le deuxième sexe, I",Simone de Beauvoir,4.21,"6,189",233
"High Country (Anna Pigeon, #12)",Nevada Barr,3.92,"9,532",232
On Being Included: Racism and Diversity in Institutional Life,Sara Ahmed,4.31,605,232
Feminism and the Marxist Movement,Mary-Alice Waters,3.86,51,231
Bitch Planet #1,Kelly Sue DeConnick,4.15,"4,393",231
The Undomestic Goddess,Sophie Kinsella,3.87,"3,14,531",230
The Macho Paradox: Why Some Men Hurt Women and How All Men Can Help,Jackson Katz,4.17,"1,014",229
"Bodies That Matter: On the Discursive Limits of ""Sex""",Judith Butler,4.12,"3,774",229
Two Serious Ladies,Jane Bowles,3.58,"4,425",226
Breakfast at Tiffany’s and Three Stories,Truman Capote,3.85,"2,52,700",225
Runaway: Stories,Alice Munro,3.96,"28,000",225
Lust,Elfriede Jelinek,3.31,"2,063",224
The Frailty Myth: Redefining the Physical Potential of Women and Girls,Colette Dowling,4.13,267,224
